<?xml version="1.0" encoding="UTF-8"?>
<project-private xmlns="http://www.netbeans.org/ns/project-private/1">
    <editor-bookmarks xmlns="http://www.netbeans.org/ns/editor-bookmarks/2" lastBookmarkId="0"/>
    <open-files xmlns="http://www.netbeans.org/ns/projectui-open-files/2">
        <group>
            <file>file:/home/victor/MPLABXProjects/NePodstava.X/W25_Driver.c</file>
            <file>file:/home/victor/MPLABXProjects/NePodstava.X/Conditions.c</file>
            <file>file:/home/victor/MPLABXProjects/NePodstava.X/System.c</file>
            <file>file:/home/victor/MPLABXProjects/NePodstava.X/main.c</file>
            <file>file:/home/victor/MPLABXProjects/NePodstava.X/System.h</file>
            <file>file:/home/victor/MPLABXProjects/NePodstava.X/MPU6050_C_Barsotion.c</file>
            <file>file:/home/victor/MPLABXProjects/NePodstava.X/defines.h</file>
        </group>
    </open-files>
</project-private>
